cellId	Expressed Genes	n_genes_by_counts	total_counts	doublet_scores	condition	leiden	cluster_labels
AAACCCACATGGAAGC-1	1046	1046	1455.0	0.11547911547911548	p10_2	4	C4_p10_neuronal
AAACGAAGTACCTAGT-1	577	576	730.0	0.0718232044198895	p10_2	5	C5_p10_neuronal
AAAGAACAGATGGTAT-1	432	432	520.0	0.004943820224719101	p10_2	5	C5_p10_neuronal
AAAGGTATCCTGCTAC-1	541	541	680.0	0.09052631578947366	p10_2	3	C3_p10_neuronal
AAAGTCCAGCTGTTAC-1	1099	1097	1614.0	0.022298456260720412	p10_2	9	C9_p10_neuronal
AAAGTCCCACTACCCT-1	404	404	654.0	0.0932475884244373	p10_2	0	C0_p10_neuronal
AACAAAGGTCTCACGG-1	645	645	944.0	0.04973221117061974	p10_2	0	C0_p10_neuronal
AACAGGGCACAGCCAC-1	460	460	866.0	0.02558001189767995	p10_2	7	C7_p10_neuronal
AACAGGGGTAGTCGTT-1	809	809	1213.0	0.05569007263922519	p10_2	0	C0_p10_neuronal
AACCAACGTCCCTCAT-1	891	891	1299.0	0.019999999999999997	p10_2	2	C2_p10_neuronal
AACCAACTCACTTGTT-1	458	458	595.0	0.30591259640102814	p10_2	3	C3_p10_neuronal
AACCATGCAAGGTCAG-1	816	816	1081.0	0.16746411483253593	p10_2	0	C0_p10_neuronal
AACCTTTTCCTAACAG-1	441	441	619.0	0.048338368580060416	p10_2	7	C7_p10_neuronal
AACGTCAAGCGTCAAG-1	648	646	839.0	0.05728314238952536	p10_2	0	C0_p10_neuronal
AACTTCTAGGATACAT-1	427	427	555.0	0.009095260890378171	p10_2	2	C2_p10_neuronal
AACTTCTGTTCGTAAC-1	642	642	873.0	0.02558001189767995	p10_2	2	C2_p10_neuronal
AAGCATCAGGCAGGTT-1	761	760	1061.0	0.11547911547911548	p10_2	7	C7_p10_neuronal
AAGCATCGTGCTTATG-1	2377	2373	4604.0	0.00965250965250965	p10_2	1	C1_p10_neuronal
AAGGAATGTAGGTACG-1	2411	2409	4744.0	0.02558001189767995	p10_2	1	C1_p10_neuronal
AAGGAATTCGCTAGCG-1	675	675	1042.0	0.16746411483253593	p10_2	0	C0_p10_neuronal
AAGGTAAAGAAATGGG-1	511	511	666.0	0.007476635514018692	p10_2	3	C3_p10_neuronal
AAGGTAAAGCGTCAAG-1	1321	1321	2925.0	0.04565537555228277	p10_2	2	C2_p10_neuronal
AAGGTAACAATGACCT-1	621	621	790.0	0.04310344827586207	p10_2	7	C7_p10_neuronal
AAGGTAACACTGATTG-1	1217	1217	2197.0	0.30591259640102814	p10_2	3	C3_p10_neuronal
AAGTCGTTCATGCTAG-1	538	538	700.0	0.021517553793884484	p10_2	2	C2_p10_neuronal
AAGTGAAAGACCGCCT-1	818	817	1109.0	0.15582450832072617	p10_2	0	C0_p10_neuronal
AAGTGAACATGGTACT-1	525	525	722.0	0.09899888765294773	p10_2	3	C3_p10_neuronal
AATAGAGAGACTCATC-1	2046	2046	3762.0	0.0239067055393586	p10_2	1	C1_p10_neuronal
AATGAAGCAGCGATTT-1	2174	2172	4133.0	0.02822085889570552	p10_2	8	C8_p10_neuronal
AATGGCTCACACAGAG-1	2231	2229	4143.0	0.09606986899563318	p10_2	8	C8_p10_neuronal
AATGGCTGTACGACTT-1	625	625	819.0	0.0239067055393586	p10_2	3	C3_p10_neuronal
ACAAAGAGTCTTGCTC-1	911	909	1243.0	0.06412478336221838	p10_2	0	C0_p10_neuronal
ACAAAGAGTTGTGCCG-1	602	601	782.0	0.08790072388831438	p10_2	0	C0_p10_neuronal
ACAACCATCCTCTCTT-1	449	449	548.0	0.006439742410303588	p10_2	5	C5_p10_neuronal
ACACAGTCATTGCCTC-1	477	477	683.0	0.07826086956521737	p10_2	0	C0_p10_neuronal
ACACAGTGTGGAGAAA-1	930	929	1571.0	0.10204081632653064	p10_2	0	C0_p10_neuronal
ACACTGACACGACAGA-1	694	693	945.0	0.038356164383561646	p10_2	0	C0_p10_neuronal
ACAGAAACAGCGCGTT-1	3440	3433	9462.0	0.02822085889570552	p10_2	8	C8_p10_neuronal
ACAGGGAAGGCCTGCT-1	2953	2952	6983.0	0.017130620985010708	p10_2	1	C1_p10_neuronal
ACATCGAGTCTACAGT-1	615	615	834.0	0.005434782608695652	p10_2	2	C2_p10_neuronal
ACCAAACGTGATACTC-1	397	397	515.0	0.009095260890378171	p10_2	2	C2_p10_neuronal
ACCAAACGTTAGGCCC-1	2077	2075	4040.0	0.020751542344363435	p10_2	8	C8_p10_neuronal
ACCAACATCAGTGGGA-1	1062	1060	1546.0	0.03300970873786408	p10_2	0	C0_p10_neuronal
ACCACAACAGCTGCCA-1	738	735	1065.0	0.12307692307692306	p10_2	0	C0_p10_neuronal
ACCACAATCATTCACT-1	566	566	728.0	0.00398406374501992	p10_2	3	C3_p10_neuronal
ACCCTCACATCGAACT-1	1416	1415	2602.0	0.01319796954314721	p10_2	2	C2_p10_neuronal
ACCGTTCAGTCGCGAA-1	690	688	946.0	0.011976047904191617	p10_2	3	C3_p10_neuronal
ACCTGAAGTTCGATTG-1	2832	2831	6241.0	0.03007518796992481	p10_2	1	C1_p10_neuronal
ACCTGTCGTGTTATCG-1	574	574	791.0	0.026442307692307692	p10_2	2	C2_p10_neuronal
ACGATGTGTTACCTTT-1	1172	1170	2028.0	0.08790072388831438	p10_2	0	C0_p10_neuronal
ACGGTTAGTGTACATC-1	450	450	564.0	0.01319796954314721	p10_2	2	C2_p10_neuronal
ACGTCCTTCACTCACC-1	424	424	510.0	0.008547008547008546	p10_2	3	C3_p10_neuronal
ACTACGACACTGTTCC-1	786	786	1127.0	0.10520231213872829	p10_2	5	C5_p10_neuronal
ACTATGGCAATGGCAG-1	438	438	550.0	0.018538713195201745	p10_2	3	C3_p10_neuronal
ACTCCCAAGACGACTG-1	429	429	549.0	0.04436363636363636	p10_2	3	C3_p10_neuronal
ACTCCCACAAGAGCTG-1	547	547	767.0	0.0044603033006244425	p10_2	5	C5_p10_neuronal
ACTGCAAAGCTGCCAC-1	474	474	579.0	0.08291708291708291	p10_2	0	C0_p10_neuronal
ACTGTGACATATTCGG-1	3458	3454	10816.0	0.03300970873786408	p10_2	6	C6_p10_neuronal
AGAACCTTCATGCGGC-1	2338	2336	4979.0	0.019999999999999997	p10_2	1	C1_p10_neuronal
AGAAGTACATCGGAAG-1	608	608	782.0	0.011380504700643246	p10_2	2	C2_p10_neuronal
AGACCATTCTGCATAG-1	569	568	762.0	0.05892116182572613	p10_2	0	C0_p10_neuronal
AGACCCGCAGATTAAG-1	1255	1251	1886.0	0.06233988044406491	p10_2	0	C0_p10_neuronal
AGAGCAGCATAGTCAC-1	861	861	1294.0	0.06980961015412511	p10_2	0	C0_p10_neuronal
AGATAGATCCCAGGCA-1	1348	1345	2106.0	0.037237643872714964	p10_2	0	C0_p10_neuronal
AGATCCAAGTAACAGT-1	1758	1753	3152.0	0.03103229892336922	p10_2	11	C11_p10_neuronal
AGATCCAGTCTACATG-1	1254	1250	2103.0	0.039501039501039496	p10_2	4	C4_p10_neuronal
AGATGAAAGGTCATAA-1	840	836	1258.0	0.04973221117061974	p10_2	0	C0_p10_neuronal
AGATGCTAGTGGTTGG-1	489	489	626.0	0.005434782608695652	p10_2	3	C3_p10_neuronal
AGCCACGCAGACCAAG-1	2731	2728	5934.0	0.011976047904191617	p10_2	1	C1_p10_neuronal
AGCCAGCAGTGATGGC-1	477	477	638.0	0.05569007263922519	p10_2	0	C0_p10_neuronal
AGCGCCAAGTCACACT-1	2609	2607	5510.0	0.10204081632653064	p10_2	6	C6_p10_neuronal
AGCGTATTCCGTAATG-1	628	627	871.0	0.06596306068601582	p10_2	0	C0_p10_neuronal
AGCTCAAGTGACTGAG-1	598	598	782.0	0.006954102920723227	p10_2	2	C2_p10_neuronal
AGCTTCCTCCGAACGC-1	2596	2594	5559.0	0.03300970873786408	p10_2	11	C11_p10_neuronal
AGGAATAGTAGCCCTG-1	3887	3883	9886.0	0.05263157894736842	p10_2	6	C6_p10_neuronal
AGGAGGTGTAGGAGGG-1	559	559	732.0	0.00965250965250965	p10_2	5	C5_p10_neuronal
AGGAGGTTCGACCACG-1	2150	2148	4476.0	0.039501039501039496	p10_2	6	C6_p10_neuronal
AGGATAAAGAGCACTG-1	2041	2041	3747.0	0.039501039501039496	p10_2	8	C8_p10_neuronal
AGGATAACATTGAAAG-1	1225	1224	1941.0	0.05728314238952536	p10_2	4	C4_p10_neuronal
AGGATCTAGTTGGCTT-1	840	839	1370.0	0.04565537555228277	p10_2	0	C0_p10_neuronal
AGGCTGCAGCTTAAGA-1	595	595	780.0	0.08790072388831438	p10_2	0	C0_p10_neuronal
AGGCTGCAGGAAGTCC-1	872	871	1287.0	0.02732240437158471	p10_2	4	C4_p10_neuronal
AGGCTGCTCTTGGTGA-1	677	677	926.0	0.00965250965250965	p10_2	5	C5_p10_neuronal
AGGGAGTAGACGCTCC-1	829	829	1205.0	0.007476635514018692	p10_2	2	C2_p10_neuronal
AGGGTTTGTCATGCAT-1	1061	1058	1477.0	0.017828200972447326	p10_2	9	C9_p10_neuronal
AGGTCATAGCGCCTAC-1	548	548	793.0	0.006954102920723227	p10_2	2	C2_p10_neuronal
AGGTCATAGTGCACAG-1	883	883	1426.0	0.017130620985010708	p10_2	5	C5_p10_neuronal
AGGTCATCATGTCTAG-1	1251	1251	1952.0	0.21142857142857138	p10_2	0	C0_p10_neuronal
AGGTCTAGTTACAGCT-1	851	851	1465.0	0.05892116182572613	p10_2	0	C0_p10_neuronal
AGGTGTTTCCCAGGCA-1	1394	1394	3014.0	0.14044943820224723	p10_2	7	C7_p10_neuronal
AGTACTGAGCATCCCG-1	2181	2180	4062.0	0.05892116182572613	p10_2	6	C6_p10_neuronal
AGTACTGTCAACCGAT-1	499	499	757.0	0.02558001189767995	p10_2	7	C7_p10_neuronal
AGTAGCTAGGCGACAT-1	751	750	1036.0	0.0718232044198895	p10_2	0	C0_p10_neuronal
AGTAGCTCACCCGTAG-1	798	796	1310.0	0.10520231213872829	p10_2	0	C0_p10_neuronal
AGTCACAGTTAAGGAT-1	498	498	708.0	0.038356164383561646	p10_2	0	C0_p10_neuronal
AGTCATGAGGACTTCT-1	2249	2248	4520.0	0.0606060606060606	p10_2	8	C8_p10_neuronal
AGTCATGGTCGTTGCG-1	530	530	771.0	0.06412478336221838	p10_2	0	C0_p10_neuronal
AGTGATCCACTATCCC-1	402	402	522.0	0.07826086956521737	p10_2	3	C3_p10_neuronal
AGTGCCGTCGAAGTGG-1	587	582	816.0	0.0606060606060606	p10_2	0	C0_p10_neuronal
AGTTAGCCATCCGCGA-1	754	754	996.0	0.12307692307692306	p10_2	0	C0_p10_neuronal
ATACCGAGTCTGTGAT-1	293	293	638.0	0.037237643872714964	p10_2	3	C3_p10_neuronal
ATCACAGAGACCATTC-1	711	711	932.0	0.0059333637608398	p10_2	2	C2_p10_neuronal
ATCACGACACCCAATA-1	1761	1759	3227.0	0.13136729222520108	p10_2	8	C8_p10_neuronal
ATCACTTTCCCTAGGG-1	763	763	1148.0	0.26363636363636345	p10_2	0	C0_p10_neuronal
ATCAGGTGTGTTATCG-1	463	461	644.0	0.10849056603773584	p10_2	0	C0_p10_neuronal
ATCCGTCCATCGATAC-1	827	826	1120.0	0.06412478336221838	p10_2	2	C2_p10_neuronal
ATCCTATTCTCGACCT-1	1744	1743	3145.0	0.054140127388535034	p10_2	1	C1_p10_neuronal
ATCGCCTCATTGGGAG-1	903	902	1559.0	0.12307692307692306	p10_2	3	C3_p10_neuronal
ATCGTAGAGGGCAAGG-1	633	633	908.0	0.02822085889570552	p10_2	3	C3_p10_neuronal
ATCTCTAGTGCACGCT-1	972	972	1497.0	0.05569007263922519	p10_2	6	C6_p10_neuronal
ATCTTCACATGCGGTC-1	450	450	599.0	0.05892116182572613	p10_2	7	C7_p10_neuronal
ATGAGTCTCACTGTTT-1	2158	2156	3877.0	0.015112037519541427	p10_2	10	C10_p10_neuronal
ATGCCTCTCCTCGCAT-1	902	899	1364.0	0.07390084190832553	p10_2	0	C0_p10_neuronal
ATGGGAGTCATTTGTC-1	570	568	736.0	0.0805500982318271	p10_2	0	C0_p10_neuronal
ATGGTTGGTCTCAGAT-1	1103	1102	1676.0	0.04565537555228277	p10_2	2	C2_p10_neuronal
ATTACTCAGGTAGCCA-1	496	496	625.0	0.015112037519541427	p10_2	3	C3_p10_neuronal
ATTATCCCAAGTCCCG-1	552	552	685.0	0.007476635514018692	p10_2	3	C3_p10_neuronal
ATTCCCGAGTGCGCTC-1	602	602	932.0	0.12307692307692306	p10_2	7	C7_p10_neuronal
ATTGGGTGTCATACCA-1	691	691	952.0	0.005434782608695652	p10_2	2	C2_p10_neuronal
ATTGGGTGTTATAGAG-1	2360	2358	4642.0	0.04067321178120617	p10_2	11	C11_p10_neuronal
ATTTCACGTCTCAGAT-1	423	423	521.0	0.007476635514018692	p10_2	3	C3_p10_neuronal
ATTTCACGTTGAAGTA-1	389	389	511.0	0.04973221117061974	p10_2	7	C7_p10_neuronal
ATTTCTGGTTCTCCAC-1	2565	2562	5629.0	0.054140127388535034	p10_2	6	C6_p10_neuronal
CAACAGTCAAGATGGC-1	339	339	775.0	0.06233988044406491	p10_2	3	C3_p10_neuronal
CAACCAAAGGCTAGCA-1	1477	1476	2371.0	0.029138251704897707	p10_2	8	C8_p10_neuronal
CAACCAAAGTAAACTG-1	524	523	685.0	0.017828200972447326	p10_2	2	C2_p10_neuronal
CAACCTCGTACACGCC-1	610	610	810.0	0.006439742410303588	p10_2	2	C2_p10_neuronal
CAAGACTAGATTAGCA-1	2120	2119	4227.0	0.0718232044198895	p10_2	6	C6_p10_neuronal
CAATACGAGTAGACCG-1	1497	1496	3182.0	0.23014256619144594	p10_2	7	C7_p10_neuronal
CACAGGCGTGCGAACA-1	780	779	1129.0	0.1614906832298137	p10_2	0	C0_p10_neuronal
CACCAAAGTAGCTTTG-1	574	572	765.0	0.06785714285714285	p10_2	5	C5_p10_neuronal
CACGGGTGTCTGATCA-1	913	907	1274.0	0.05569007263922519	p10_2	0	C0_p10_neuronal
CACGGGTTCTCTATGT-1	573	573	1122.0	0.04067321178120617	p10_2	0	C0_p10_neuronal
CACTGGGTCGGTATGT-1	2622	2620	5317.0	0.02732240437158471	p10_2	10	C10_p10_neuronal
CACTTCGTCACATCAG-1	1544	1543	2606.0	0.12307692307692306	p10_2	8	C8_p10_neuronal
CAGCAATGTTCGAGCC-1	3893	3890	11911.0	0.03007518796992481	p10_2	6	C6_p10_neuronal
CAGCAATTCTGTCTCG-1	475	475	595.0	0.015772870662460567	p10_2	3	C3_p10_neuronal
CAGGTATCAAACTAGA-1	584	584	805.0	0.08536585365853659	p10_2	3	C3_p10_neuronal
CAGGTATGTCCTCAGG-1	506	506	633.0	0.03201024327784891	p10_2	3	C3_p10_neuronal
CAGTGCGCAACCCTAA-1	493	493	682.0	0.0718232044198895	p10_2	3	C3_p10_neuronal
CATAAGCCATGACACT-1	1219	1219	2139.0	0.16746411483253593	p10_2	0	C0_p10_neuronal
CATACTTGTTGTTTGG-1	493	493	634.0	0.004943820224719101	p10_2	2	C2_p10_neuronal
CATAGACGTTATGGTC-1	893	892	1311.0	0.023094688221709004	p10_2	9	C9_p10_neuronal
CATCCACTCGGATAAA-1	512	512	647.0	0.32258064516129026	p10_2	3	C3_p10_neuronal
CATCGCTGTGGACTGA-1	571	570	709.0	0.005434782608695652	p10_2	2	C2_p10_neuronal
CATCGCTGTTCGTGCG-1	680	680	913.0	0.038356164383561646	p10_2	4	C4_p10_neuronal
CATGCGGCAGGTTACT-1	1749	1747	2916.0	0.008547008547008546	p10_2	1	C1_p10_neuronal
CATGGATGTTGACGGA-1	776	775	971.0	0.03614457831325302	p10_2	4	C4_p10_neuronal
CATGGTAAGAATCGCG-1	664	664	962.0	0.05116279069767442	p10_2	0	C0_p10_neuronal
CATTCATGTCTAGGTT-1	2325	2324	4686.0	0.016445623342175066	p10_2	1	C1_p10_neuronal
CATTCATTCCTAACAG-1	2508	2508	4917.0	0.0239067055393586	p10_2	1	C1_p10_neuronal
CATTCCGAGTCTCCTC-1	387	387	532.0	0.02822085889570552	p10_2	0	C0_p10_neuronal
CATTCTATCGCCAACG-1	778	778	3107.0	0.006954102920723227	p10_2	5	C5_p10_neuronal
CATTGCCGTGAAGCTG-1	3208	3206	7313.0	0.0805500982318271	p10_2	6	C6_p10_neuronal
CATTGTTAGGACTTCT-1	1080	1080	1539.0	0.0606060606060606	p10_2	5	C5_p10_neuronal
CATTGTTGTGAATAAC-1	651	651	915.0	0.05263157894736842	p10_2	0	C0_p10_neuronal
CCAAGCGCATTATGCG-1	556	554	803.0	0.06980961015412511	p10_2	0	C0_p10_neuronal
CCAAGCGGTGTTTGCA-1	1390	1390	2183.0	0.08291708291708291	p10_2	6	C6_p10_neuronal
CCAATGAGTTTCGGCG-1	1014	1012	1715.0	0.2906403940886698	p10_2	7	C7_p10_neuronal
CCACGAGTCGACCCAG-1	2655	2654	5798.0	0.026442307692307692	p10_2	11	C11_p10_neuronal
CCACTTGCAACTAGAA-1	2498	2496	4789.0	0.02473498233215548	p10_2	1	C1_p10_neuronal
CCCTGATCACAACGAG-1	458	458	583.0	0.27659574468085085	p10_2	3	C3_p10_neuronal
CCCTTAGCAGAAGTGC-1	560	560	704.0	0.005434782608695652	p10_2	5	C5_p10_neuronal
CCGAACGGTTAAACCC-1	848	846	1177.0	0.0606060606060606	p10_2	0	C0_p10_neuronal
CCGATCTAGCTTACGT-1	614	614	854.0	0.010218978102189781	p10_2	2	C2_p10_neuronal
CCGCAAGAGGTCATAA-1	1087	1087	1594.0	0.018538713195201745	p10_2	11	C11_p10_neuronal
CCGGACAAGCTGACCC-1	1691	1686	3263.0	0.30591259640102814	p10_2	7	C7_p10_neuronal
CCGGGTACAAGCCATT-1	784	784	1342.0	0.06785714285714285	p10_2	0	C0_p10_neuronal
CCGGTGACAGTCGGAA-1	496	496	651.0	0.0059333637608398	p10_2	2	C2_p10_neuronal
CCGTGAGCATGACACT-1	3084	3084	7249.0	0.03300970873786408	p10_2	1	C1_p10_neuronal
CCTCAGTCACTGTTCC-1	1749	1749	3194.0	0.017828200972447326	p10_2	1	C1_p10_neuronal
CCTCCTCCACAGTGAG-1	535	534	687.0	0.01926252063841497	p10_2	2	C2_p10_neuronal
CCTCTCCGTTAAGGAT-1	592	592	877.0	0.04697986577181209	p10_2	0	C0_p10_neuronal
CCTTGTGAGACCCTTA-1	606	606	868.0	0.014462809917355372	p10_2	2	C2_p10_neuronal
CCTTTGGAGTATTGCC-1	593	592	795.0	0.03614457831325302	p10_2	5	C5_p10_neuronal
CCTTTGGTCGCGATCG-1	524	523	691.0	0.02558001189767995	p10_2	3	C3_p10_neuronal
CGAAGTTCAAGGCAAC-1	601	600	756.0	0.08790072388831438	p10_2	0	C0_p10_neuronal
CGACAGCAGTGTGTTC-1	604	604	785.0	0.07604562737642583	p10_2	0	C0_p10_neuronal
CGAGAAGCACGGTCTG-1	698	698	1012.0	0.018538713195201745	p10_2	2	C2_p10_neuronal
CGAGGAAAGACAGCTG-1	1811	1810	3109.0	0.026442307692307692	p10_2	1	C1_p10_neuronal
CGATCGGAGGCGCTCT-1	1369	1369	2128.0	0.010794896957801765	p10_2	1	C1_p10_neuronal
CGCAGGTCACCCTAGG-1	2677	2676	5521.0	0.014462809917355372	p10_2	10	C10_p10_neuronal
CGCAGGTGTAGCTTAC-1	570	570	798.0	0.03300970873786408	p10_2	0	C0_p10_neuronal
CGCATGGCAAGGCCTC-1	1779	1779	3372.0	0.029138251704897707	p10_2	1	C1_p10_neuronal
CGCCATTGTGGGCTTC-1	1409	1408	2466.0	0.019999999999999997	p10_2	2	C2_p10_neuronal
CGGAACCAGCCGGAAT-1	515	514	683.0	0.05728314238952536	p10_2	0	C0_p10_neuronal
CGGAACCCATTGACAC-1	1146	1146	1687.0	0.020751542344363435	p10_2	9	C9_p10_neuronal
CGGAACCTCTCTGGTC-1	1522	1522	2761.0	0.32258064516129026	p10_2	7	C7_p10_neuronal
CGGACACCACCCTAAA-1	865	863	1310.0	0.08291708291708291	p10_2	0	C0_p10_neuronal
CGGAGAATCCAAACCA-1	830	828	1202.0	0.11547911547911548	p10_2	0	C0_p10_neuronal
CGGTCAGGTACGAGCA-1	1510	1509	2482.0	0.04973221117061974	p10_2	4	C4_p10_neuronal
CTAACTTTCATTGCGA-1	772	772	1013.0	0.04973221117061974	p10_2	3	C3_p10_neuronal
CTACCTGCAACAGTGG-1	613	613	867.0	0.008547008547008546	p10_2	2	C2_p10_neuronal
CTACCTGGTGTATACC-1	661	661	926.0	0.27659574468085085	p10_2	3	C3_p10_neuronal
CTCAGGGAGTCCGTCG-1	492	491	697.0	0.11547911547911548	p10_2	5	C5_p10_neuronal
CTCCACAGTACAATAG-1	624	623	924.0	0.04310344827586207	p10_2	0	C0_p10_neuronal
CTCGAGGCATACAGAA-1	803	803	1069.0	0.034031413612565446	p10_2	2	C2_p10_neuronal
CTGAATGAGACTGGGT-1	526	526	742.0	0.08291708291708291	p10_2	0	C0_p10_neuronal
CTGCATCAGGTTACCT-1	553	552	786.0	0.13580246913580246	p10_2	0	C0_p10_neuronal
CTGCCTACAGCCGTCA-1	2123	2122	3680.0	0.015112037519541427	p10_2	1	C1_p10_neuronal
CTGGTCTGTGGCTGAA-1	437	437	721.0	0.04697986577181209	p10_2	7	C7_p10_neuronal
CTGTAGATCGTTGTTT-1	802	801	1248.0	0.17377049180327864	p10_2	7	C7_p10_neuronal
CTGTCGTAGCTCCGAC-1	2817	2817	5842.0	0.05569007263922519	p10_2	6	C6_p10_neuronal
CTGTCGTCATTGACAC-1	726	726	1018.0	0.03614457831325302	p10_2	9	C9_p10_neuronal
CTGTGGGGTCAAAGAT-1	1747	1744	3112.0	0.026442307692307692	p10_2	1	C1_p10_neuronal
CTTACCGCAGTTGTCA-1	3462	3455	7783.0	0.026442307692307692	p10_2	1	C1_p10_neuronal
CTTAGGATCCATCTCG-1	632	631	786.0	0.08536585365853659	p10_2	0	C0_p10_neuronal
CTTAGGATCGCGTTTC-1	1379	1379	2268.0	0.0059333637608398	p10_2	1	C1_p10_neuronal
CTTCCGAAGGGTTAAT-1	950	949	1616.0	0.03103229892336922	p10_2	4	C4_p10_neuronal
CTTCCGATCAAGGAGC-1	821	820	1321.0	0.09899888765294773	p10_2	0	C0_p10_neuronal
CTTCCTTGTCACGTGC-1	703	701	1103.0	0.09899888765294773	p10_2	0	C0_p10_neuronal
CTTCGGTGTGGACCTC-1	526	526	676.0	0.004943820224719101	p10_2	5	C5_p10_neuronal
CTTGATTTCGCTTGCT-1	389	388	528.0	0.04187366926898509	p10_2	0	C0_p10_neuronal
CTTTCAAGTGTGGTCC-1	2155	2152	4084.0	0.014462809917355372	p10_2	1	C1_p10_neuronal
GAAACCTGTAGATCGG-1	641	640	887.0	0.013824884792626727	p10_2	3	C3_p10_neuronal
GAACGTTGTCCAGAAG-1	808	806	1092.0	0.0606060606060606	p10_2	0	C0_p10_neuronal
GAAGAATAGTAGCAAT-1	1642	1641	2817.0	0.014462809917355372	p10_2	11	C11_p10_neuronal
GAAGGACCACCGCTAG-1	2283	2283	4543.0	0.02558001189767995	p10_2	1	C1_p10_neuronal
GAAGGACTCGCCCAGA-1	2807	2802	6699.0	0.05263157894736842	p10_2	6	C6_p10_neuronal
GAAGGGTTCCGCGATG-1	256	256	690.0	0.054140127388535034	p10_2	3	C3_p10_neuronal
GAAGTAATCCTCTTTC-1	549	549	683.0	0.005434782608695652	p10_2	2	C2_p10_neuronal
GAAGTAATCGGTTAGT-1	753	752	1056.0	0.23014256619144594	p10_2	0	C0_p10_neuronal
GAATAGAGTTTCTTAC-1	2368	2368	4916.0	0.23014256619144594	p10_2	2	C2_p10_neuronal
GACACGCTCGTTAGAC-1	444	444	518.0	0.13580246913580246	p10_2	3	C3_p10_neuronal
GACACGCTCTGGTCAA-1	442	442	930.0	0.06980961015412511	p10_2	0	C0_p10_neuronal
GACAGCCCAGCAGTGA-1	871	869	1276.0	0.03614457831325302	p10_2	0	C0_p10_neuronal
GACCAATGTGCTTATG-1	3400	3398	7651.0	0.19499105545617176	p10_2	8	C8_p10_neuronal
GACCGTGCAGTAGTGG-1	1313	1312	2551.0	0.07604562737642583	p10_2	4	C4_p10_neuronal
GACGCTGGTGATAGAT-1	1835	1834	2941.0	0.017130620985010708	p10_2	1	C1_p10_neuronal
GAGACTTCACACCGCA-1	469	469	619.0	0.25164113785557984	p10_2	3	C3_p10_neuronal
GAGAGGTAGAGGTCGT-1	600	600	837.0	0.01319796954314721	p10_2	3	C3_p10_neuronal
GAGCCTGGTACCCGAC-1	1789	1788	3316.0	0.011380504700643246	p10_2	10	C10_p10_neuronal
GAGCCTGGTCCAGCGT-1	261	261	546.0	0.048338368580060416	p10_2	3	C3_p10_neuronal
GAGTCATTCATTGCCC-1	428	428	529.0	0.32258064516129026	p10_2	3	C3_p10_neuronal
GAGTCATTCTACCACC-1	598	598	761.0	0.010218978102189781	p10_2	5	C5_p10_neuronal
GAGTTGTTCGAAATCC-1	2492	2492	5514.0	0.0239067055393586	p10_2	1	C1_p10_neuronal
GATAGCTTCGAGAGCA-1	456	456	593.0	0.04697986577181209	p10_2	4	C4_p10_neuronal
GATCGTAAGCGCTGCT-1	1716	1712	2994.0	0.05728314238952536	p10_2	8	C8_p10_neuronal
GCAACATCAAATGGAT-1	629	628	949.0	0.14044943820224723	p10_2	3	C3_p10_neuronal
GCAGCCAAGACCCGCT-1	545	544	741.0	0.09899888765294773	p10_2	0	C0_p10_neuronal
GCATTAGAGCCTAGGA-1	2586	2585	5557.0	0.06233988044406491	p10_2	6	C6_p10_neuronal
GCCAACGTCCCGTGAG-1	629	629	880.0	0.0932475884244373	p10_2	5	C5_p10_neuronal
GCCATGGCACACGGAA-1	1550	1550	2592.0	0.02732240437158471	p10_2	2	C2_p10_neuronal
GCCATTCCAGCTACAT-1	1942	1942	3377.0	0.02558001189767995	p10_2	2	C2_p10_neuronal
GCCCAGACACGACCTG-1	675	674	980.0	0.03507610853739246	p10_2	0	C0_p10_neuronal
GCCGATGGTTTGAAAG-1	700	700	959.0	0.04697986577181209	p10_2	0	C0_p10_neuronal
GCGGATCGTGGATCAG-1	634	634	858.0	0.08291708291708291	p10_2	2	C2_p10_neuronal
GCTACAATCACGGGAA-1	2701	2700	5740.0	0.06233988044406491	p10_2	6	C6_p10_neuronal
GCTACCTCATTGACAC-1	3503	3499	9486.0	0.026442307692307692	p10_2	8	C8_p10_neuronal
GCTACCTGTGGCTAGA-1	863	862	1174.0	0.07826086956521737	p10_2	0	C0_p10_neuronal
GCTGAATAGGTCGCCT-1	1486	1481	2533.0	0.2906403940886698	p10_2	7	C7_p10_neuronal
GCTTCACTCGCTTACC-1	2020	2019	3635.0	0.048338368580060416	p10_2	6	C6_p10_neuronal
GGAAGTGTCTGCTCTG-1	1502	1502	2872.0	0.18043844856661045	p10_2	5	C5_p10_neuronal
GGAGCAACAAAGGCTG-1	616	613	820.0	0.03300970873786408	p10_2	0	C0_p10_neuronal
GGAGGATAGGTGGGTT-1	1177	1177	2007.0	0.07826086956521737	p10_2	5	C5_p10_neuronal
GGAGGATGTGTTTCTT-1	3975	3970	11393.0	0.037237643872714964	p10_2	6	C6_p10_neuronal
GGCACGTGTCAAACGG-1	476	475	675.0	0.06596306068601582	p10_2	0	C0_p10_neuronal
GGCTGTGTCGGACTGC-1	1055	1051	1526.0	0.13580246913580246	p10_2	0	C0_p10_neuronal
GGGAAGTTCCTATTTG-1	1416	1415	2686.0	0.0805500982318271	p10_2	0	C0_p10_neuronal
GGGACCTGTGCTGATT-1	1919	1917	3800.0	0.05892116182572613	p10_2	6	C6_p10_neuronal
GGGATCCCAACCCTAA-1	439	439	593.0	0.15582450832072617	p10_2	3	C3_p10_neuronal
GGGATCCTCATTCACT-1	1163	1163	2221.0	0.03103229892336922	p10_2	2	C2_p10_neuronal
GGGATCCTCTCGGCTT-1	540	540	668.0	0.015112037519541427	p10_2	2	C2_p10_neuronal
GGGCCATTCTTAAGGC-1	326	326	559.0	0.06233988044406491	p10_2	4	C4_p10_neuronal
GGGTAGAGTTACGCCG-1	1632	1631	2565.0	0.016445623342175066	p10_2	1	C1_p10_neuronal
GGGTGAACAAAGGAGA-1	1588	1584	2759.0	0.30591259640102814	p10_2	7	C7_p10_neuronal
GGGTTATCAGCGTACC-1	768	768	1073.0	0.006439742410303588	p10_2	5	C5_p10_neuronal
GGGTTTAGTTTGGAAA-1	996	995	1446.0	0.12307692307692306	p10_2	4	C4_p10_neuronal
GGTAACTCACTACCCT-1	1230	1230	2136.0	0.020751542344363435	p10_2	2	C2_p10_neuronal
GGTCACGTCACCCATC-1	539	539	707.0	0.007476635514018692	p10_2	2	C2_p10_neuronal
GGTCTGGAGGATACCG-1	1885	1885	3514.0	0.04973221117061974	p10_2	6	C6_p10_neuronal
GGTCTGGGTTTACTTC-1	351	351	544.0	0.0718232044198895	p10_2	7	C7_p10_neuronal
GGTCTGGTCGCTTACC-1	478	478	792.0	0.03201024327784891	p10_2	7	C7_p10_neuronal
GGTGATTAGCAACTCT-1	447	447	573.0	0.038356164383561646	p10_2	0	C0_p10_neuronal
GGTGATTGTGGTCAAG-1	3158	3156	7138.0	0.03614457831325302	p10_2	1	C1_p10_neuronal
GGTGGCTTCCGTTGGG-1	1123	1122	1572.0	0.037237643872714964	p10_2	1	C1_p10_neuronal
GGTTAACAGACGAGCT-1	2507	2505	5031.0	0.05728314238952536	p10_2	6	C6_p10_neuronal
GGTTAACTCCCGAGGT-1	2036	2032	3564.0	0.04436363636363636	p10_2	11	C11_p10_neuronal
GTAACCAAGAGGCCAT-1	1333	1331	2340.0	0.038356164383561646	p10_2	6	C6_p10_neuronal
GTAACCAAGCTGTTAC-1	1201	1199	1885.0	0.1504424778761062	p10_2	4	C4_p10_neuronal
GTAACCAAGTTACTCG-1	1115	1115	1880.0	0.30591259640102814	p10_2	7	C7_p10_neuronal
GTAAGTCGTTCATCGA-1	881	880	1277.0	0.26363636363636345	p10_2	0	C0_p10_neuronal
GTAGAAACAGGACTTT-1	824	824	1206.0	0.0805500982318271	p10_2	4	C4_p10_neuronal
GTAGGAGAGACCAAAT-1	1033	1030	1666.0	0.08790072388831438	p10_2	4	C4_p10_neuronal
GTATTGGAGAGTCTGG-1	2706	2705	5781.0	0.017130620985010708	p10_2	1	C1_p10_neuronal
GTCAAGTAGCATTTGC-1	542	541	727.0	0.02473498233215548	p10_2	3	C3_p10_neuronal
GTCAAGTAGTAATACG-1	631	630	897.0	0.04973221117061974	p10_2	0	C0_p10_neuronal
GTCAAGTTCGCCGTGA-1	734	733	1219.0	0.03300970873786408	p10_2	4	C4_p10_neuronal
GTCATTTCATCCCACT-1	526	526	665.0	0.05569007263922519	p10_2	3	C3_p10_neuronal
GTCATTTTCGCCTATC-1	575	575	744.0	0.00800753650494583	p10_2	3	C3_p10_neuronal
GTCCACTTCTCAACCC-1	2446	2442	5042.0	0.03507610853739246	p10_2	1	C1_p10_neuronal
GTCCTCAAGGCGCTCT-1	538	538	708.0	0.004943820224719101	p10_2	5	C5_p10_neuronal
GTCGAATCAACCAGAG-1	1694	1694	2987.0	0.05569007263922519	p10_2	6	C6_p10_neuronal
GTCGCGAGTTGGGATG-1	741	741	1045.0	0.012581781580271768	p10_2	2	C2_p10_neuronal
GTCTCACAGGGCCCTT-1	1618	1618	2791.0	0.023094688221709004	p10_2	8	C8_p10_neuronal
GTCTTTATCGTCAACA-1	446	446	767.0	0.13136729222520108	p10_2	0	C0_p10_neuronal
GTGCACGTCTGCTGAA-1	343	342	516.0	0.06785714285714285	p10_2	3	C3_p10_neuronal
GTGCGTGCAAAGGAGA-1	1555	1555	2645.0	0.05263157894736842	p10_2	6	C6_p10_neuronal
GTGGAAGAGATCACCT-1	453	453	569.0	0.13136729222520108	p10_2	0	C0_p10_neuronal
GTGGAGATCAACCTTT-1	2013	2012	3822.0	0.0239067055393586	p10_2	8	C8_p10_neuronal
GTGGCGTTCGGTTGTA-1	2057	2055	4073.0	0.015112037519541427	p10_2	1	C1_p10_neuronal
GTGGCGTTCTCATGGA-1	1409	1409	2288.0	0.04067321178120617	p10_2	2	C2_p10_neuronal
GTGGGAACACAGAGCA-1	725	725	969.0	0.13136729222520108	p10_2	3	C3_p10_neuronal
GTGTTAGCAGGGTCTC-1	1748	1746	3135.0	0.023094688221709004	p10_2	8	C8_p10_neuronal
GTTAGACCAAAGGCTG-1	419	419	638.0	0.06980961015412511	p10_2	0	C0_p10_neuronal
GTTAGTGCAGAGTCTT-1	718	718	1053.0	0.04067321178120617	p10_2	0	C0_p10_neuronal
GTTCTATAGGTGGGTT-1	2617	2613	5220.0	0.05116279069767442	p10_2	6	C6_p10_neuronal
GTTCTATGTTGTGGAG-1	2339	2337	4808.0	0.03300970873786408	p10_2	1	C1_p10_neuronal
GTTGCGGCAGCATGCC-1	2649	2647	5309.0	0.04973221117061974	p10_2	1	C1_p10_neuronal
GTTGTCCAGACATCAA-1	3027	3027	6633.0	0.037237643872714964	p10_2	1	C1_p10_neuronal
GTTGTCCTCTGCGGGT-1	645	645	911.0	0.08536585365853659	p10_2	0	C0_p10_neuronal
TAACTTCAGGACCCAA-1	439	439	550.0	0.23014256619144594	p10_2	3	C3_p10_neuronal
TAACTTCGTAGTACGG-1	756	756	1155.0	0.04436363636363636	p10_2	3	C3_p10_neuronal
TAACTTCTCTTCCGTG-1	529	529	636.0	0.004943820224719101	p10_2	2	C2_p10_neuronal
TAAGCGTTCCATCTCG-1	954	953	1491.0	0.00800753650494583	p10_2	1	C1_p10_neuronal
TACCCGTCACTAGTAC-1	492	492	611.0	0.04067321178120617	p10_2	3	C3_p10_neuronal
TACCCGTTCACCACAA-1	699	698	923.0	0.026442307692307692	p10_2	3	C3_p10_neuronal
TACCCGTTCACTAGCA-1	2375	2374	4900.0	0.03507610853739246	p10_2	8	C8_p10_neuronal
TACGTCCAGCTCGTGC-1	571	570	765.0	0.0059333637608398	p10_2	2	C2_p10_neuronal
TACTTCACAAATGGCG-1	2823	2818	6307.0	0.0606060606060606	p10_2	6	C6_p10_neuronal
TACTTGTAGCCGAATG-1	750	750	1119.0	0.04436363636363636	p10_2	0	C0_p10_neuronal
TAGACTGAGTAGTCCT-1	555	555	695.0	0.14532374100719422	p10_2	5	C5_p10_neuronal
TAGACTGGTCAAAGAT-1	1021	1019	1549.0	0.08536585365853659	p10_2	0	C0_p10_neuronal
TAGGTACCATCACGGC-1	1339	1337	1882.0	0.029138251704897707	p10_2	8	C8_p10_neuronal
TAGGTACTCTGCGAGC-1	536	536	694.0	0.018538713195201745	p10_2	5	C5_p10_neuronal
TAGTGCAGTGCAACGA-1	2401	2400	4615.0	0.017828200972447326	p10_2	10	C10_p10_neuronal
TATACCTTCCTTTGAT-1	715	714	1146.0	0.006439742410303588	p10_2	5	C5_p10_neuronal
TATCCTAAGTTGAATG-1	805	804	1470.0	0.25164113785557984	p10_2	7	C7_p10_neuronal
TATCTGTCAGATGCGA-1	1143	1142	2342.0	0.13580246913580246	p10_2	7	C7_p10_neuronal
TATCTTGAGGTGCCTC-1	985	984	1470.0	0.04310344827586207	p10_2	5	C5_p10_neuronal
TATGTTCCATCTGCGG-1	2478	2476	5743.0	0.06233988044406491	p10_2	6	C6_p10_neuronal
TATTCCATCTGATGGT-1	604	603	836.0	0.026442307692307692	p10_2	9	C9_p10_neuronal
TATTGCTCATCGCTCT-1	866	861	1293.0	0.06980961015412511	p10_2	4	C4_p10_neuronal
TCAAGACAGTCTTGGT-1	882	881	1241.0	0.00398406374501992	p10_2	2	C2_p10_neuronal
TCAAGCAAGGTCGCCT-1	902	897	1419.0	0.039501039501039496	p10_2	0	C0_p10_neuronal
TCAAGCATCTTCCAGC-1	413	413	520.0	0.00398406374501992	p10_2	5	C5_p10_neuronal
TCAATCTCATTCACCC-1	782	781	1068.0	0.07604562737642583	p10_2	3	C3_p10_neuronal
TCAATCTTCATCTATC-1	639	639	831.0	0.029138251704897707	p10_2	5	C5_p10_neuronal
TCACACCCAGCAGTCC-1	2242	2241	4354.0	0.03507610853739246	p10_2	1	C1_p10_neuronal
TCACGCTTCTAAGGAA-1	779	778	1066.0	0.029138251704897707	p10_2	0	C0_p10_neuronal
TCAGGGCGTTGTCTAG-1	1305	1305	2209.0	0.06233988044406491	p10_2	1	C1_p10_neuronal
TCAGTCCGTTAATCGC-1	526	526	664.0	0.0718232044198895	p10_2	3	C3_p10_neuronal
TCAGTGAAGTAGTCAA-1	510	510	642.0	0.03201024327784891	p10_2	2	C2_p10_neuronal
TCAGTTTAGCGCTGCT-1	1734	1733	2783.0	0.04187366926898509	p10_2	1	C1_p10_neuronal
TCATACTAGATTTGCC-1	2047	2045	3204.0	0.04973221117061974	p10_2	1	C1_p10_neuronal
TCATACTGTTGTGTTG-1	355	355	583.0	0.037237643872714964	p10_2	5	C5_p10_neuronal
TCATCATCATGAGATA-1	407	407	505.0	0.00800753650494583	p10_2	2	C2_p10_neuronal
TCATGTTAGCTGTACT-1	1022	1022	1528.0	0.02558001189767995	p10_2	9	C9_p10_neuronal
TCATTCACATGACCCG-1	1847	1846	3478.0	0.00800753650494583	p10_2	1	C1_p10_neuronal
TCCACCAGTAAGGCTG-1	622	622	1022.0	0.015112037519541427	p10_2	2	C2_p10_neuronal
TCCATCGCAGCACAGA-1	1830	1829	3427.0	0.02473498233215548	p10_2	1	C1_p10_neuronal
TCCGAAAGTAGCGATG-1	429	429	538.0	0.006954102920723227	p10_2	2	C2_p10_neuronal
TCCGGGACATCATTGG-1	1907	1906	3269.0	0.06980961015412511	p10_2	1	C1_p10_neuronal
TCCTCTTAGGTTCAGG-1	959	955	1364.0	0.05116279069767442	p10_2	0	C0_p10_neuronal
TCCTTCTGTCGTACTA-1	1666	1666	2620.0	0.08790072388831438	p10_2	4	C4_p10_neuronal
TCCTTTCAGAGCTGCA-1	489	488	829.0	0.05569007263922519	p10_2	7	C7_p10_neuronal
TCCTTTCGTAATGCGG-1	1724	1724	2828.0	0.03103229892336922	p10_2	1	C1_p10_neuronal
TCGACGGGTGCAATGG-1	655	652	1028.0	0.04436363636363636	p10_2	0	C0_p10_neuronal
TCGATTTGTGTTACTG-1	878	878	1240.0	0.10520231213872829	p10_2	2	C2_p10_neuronal
TCGCTCACATTGTAGC-1	2554	2551	4965.0	0.06785714285714285	p10_2	6	C6_p10_neuronal
TCTAACTTCGGTAGAG-1	1445	1444	2218.0	0.06412478336221838	p10_2	0	C0_p10_neuronal
TCTACCGGTACGTTCA-1	819	817	1247.0	0.039501039501039496	p10_2	0	C0_p10_neuronal
TCTCACGTCCAGTACA-1	710	710	966.0	0.00398406374501992	p10_2	2	C2_p10_neuronal
TCTCACGTCCGCACTT-1	841	840	1191.0	0.038356164383561646	p10_2	9	C9_p10_neuronal
TCTGGCTGTACGGTTT-1	546	546	777.0	0.03103229892336922	p10_2	4	C4_p10_neuronal
TCTTTGAGTCGAAACG-1	484	484	627.0	0.009095260890378171	p10_2	3	C3_p10_neuronal
TGAACGTCATGGCACC-1	765	763	1106.0	0.04310344827586207	p10_2	0	C0_p10_neuronal
TGAGCATAGTGGCGAT-1	464	464	606.0	0.004943820224719101	p10_2	5	C5_p10_neuronal
TGAGGGATCAACCGAT-1	1771	1770	3643.0	0.1614906832298137	p10_2	6	C6_p10_neuronal
TGATCAGGTTCCGTTC-1	2262	2259	4306.0	0.021517553793884484	p10_2	10	C10_p10_neuronal
TGATTCTTCGAGTCTA-1	1388	1388	2147.0	0.054140127388535034	p10_2	1	C1_p10_neuronal
TGCATGACAATGGCCC-1	2249	2247	4490.0	0.04973221117061974	p10_2	1	C1_p10_neuronal
TGGGAAGAGAGAGCAA-1	2878	2875	7077.0	0.012581781580271768	p10_2	8	C8_p10_neuronal
TGGGAAGCAATAGTCC-1	487	487	618.0	0.007476635514018692	p10_2	3	C3_p10_neuronal
TGGGAAGTCTGAGCAT-1	475	475	550.0	0.07826086956521737	p10_2	2	C2_p10_neuronal
TGGGATTGTTCAACGT-1	1024	1024	1548.0	0.008547008547008546	p10_2	1	C1_p10_neuronal
TGGGCGTGTACGAAAT-1	1875	1875	3617.0	0.03201024327784891	p10_2	8	C8_p10_neuronal
TGGGTTAGTTGCACGC-1	2012	2011	3739.0	0.05892116182572613	p10_2	11	C11_p10_neuronal
TGGTACAAGCGCTTCG-1	647	647	817.0	0.06596306068601582	p10_2	0	C0_p10_neuronal
TGGTACAGTGGATTTC-1	918	918	1356.0	0.11191335740072203	p10_2	0	C0_p10_neuronal
TGGTACATCGTGCATA-1	813	809	1154.0	0.04436363636363636	p10_2	0	C0_p10_neuronal
TGGTAGTAGAGGGCGA-1	651	651	957.0	0.048338368580060416	p10_2	4	C4_p10_neuronal
TGTAAGCCAACGCATT-1	392	392	551.0	0.07826086956521737	p10_2	4	C4_p10_neuronal
TGTACAGGTGGACCTC-1	562	562	746.0	0.20295202952029517	p10_2	3	C3_p10_neuronal
TGTACAGTCGCCGAGT-1	946	944	1791.0	0.32258064516129026	p10_2	7	C7_p10_neuronal
TGTAGACAGAGAGCGG-1	1882	1880	3635.0	0.04436363636363636	p10_2	6	C6_p10_neuronal
TGTAGACGTAATCAGA-1	538	536	811.0	0.048338368580060416	p10_2	0	C0_p10_neuronal
TGTCAGATCAACGTGT-1	1212	1211	1874.0	0.03103229892336922	p10_2	11	C11_p10_neuronal
TGTGTGATCTGACCCT-1	2877	2875	6372.0	0.019999999999999997	p10_2	1	C1_p10_neuronal
TGTTCATAGCCTGGAA-1	513	513	657.0	0.006439742410303588	p10_2	5	C5_p10_neuronal
TTACAGGGTGCCCAGT-1	2474	2473	4874.0	0.007476635514018692	p10_2	1	C1_p10_neuronal
TTACCATGTGAGGCAT-1	652	651	874.0	0.04697986577181209	p10_2	0	C0_p10_neuronal
TTACCGCCAAGCTGCC-1	1451	1451	2325.0	0.27659574468085085	p10_2	3	C3_p10_neuronal
TTACTGTCACTCTAGA-1	2017	2014	3711.0	0.24050632911392394	p10_2	0	C0_p10_neuronal
TTATTGCAGGAGATAG-1	579	578	820.0	0.06233988044406491	p10_2	0	C0_p10_neuronal
TTCAATCAGCTCACTA-1	1192	1191	1858.0	0.2204724409448819	p10_2	0	C0_p10_neuronal
TTCAATCAGGTGGGTT-1	913	911	1286.0	0.13136729222520108	p10_2	0	C0_p10_neuronal
TTCATGTCATAGAAAC-1	704	700	1063.0	0.054140127388535034	p10_2	0	C0_p10_neuronal
TTCATTGCACGGTCTG-1	2915	2914	6100.0	0.012581781580271768	p10_2	1	C1_p10_neuronal
TTCCAATAGGAATTAC-1	622	621	789.0	0.09606986899563318	p10_2	0	C0_p10_neuronal
TTCCACGAGGGCTGAT-1	2878	2877	6613.0	0.019999999999999997	p10_2	8	C8_p10_neuronal
TTCTAACTCGAGTGGA-1	642	642	997.0	0.09052631578947366	p10_2	0	C0_p10_neuronal
TTCTCTCGTATCTTCT-1	978	978	1493.0	0.008547008547008546	p10_2	2	C2_p10_neuronal
TTCTGTAGTAATACCC-1	812	810	1080.0	0.03300970873786408	p10_2	6	C6_p10_neuronal
TTCTTGACAGCGTGCT-1	1733	1731	2876.0	0.018538713195201745	p10_2	1	C1_p10_neuronal
TTCTTGAGTAGGCAGT-1	469	469	594.0	0.04565537555228277	p10_2	5	C5_p10_neuronal
TTCTTGATCTCGGTAA-1	2685	2681	5578.0	0.026442307692307692	p10_2	11	C11_p10_neuronal
TTGAACGAGAAACCAT-1	911	911	1296.0	0.06596306068601582	p10_2	5	C5_p10_neuronal
TTGATGGAGTGTTCAC-1	786	785	1235.0	0.026442307692307692	p10_2	0	C0_p10_neuronal
TTGCATTGTATGAGAT-1	960	959	1487.0	0.30591259640102814	p10_2	4	C4_p10_neuronal
TTGGGCGGTAAGAACT-1	443	442	703.0	0.037237643872714964	p10_2	0	C0_p10_neuronal
TTGGGTAAGTCAATCC-1	691	691	886.0	0.022298456260720412	p10_2	9	C9_p10_neuronal
TTGTGGACACCAAAGG-1	965	965	1440.0	0.07390084190832553	p10_2	4	C4_p10_neuronal
TTGTGGACAGCGTGAA-1	517	517	644.0	0.2906403940886698	p10_2	3	C3_p10_neuronal
TTGTTCACAGAGGCAT-1	932	931	1411.0	0.05569007263922519	p10_2	0	C0_p10_neuronal
TTTACGTTCTGCGGAC-1	2065	2062	6262.0	0.10204081632653064	p10_2	6	C6_p10_neuronal
TTTAGTCGTCGATTTG-1	1539	1538	2482.0	0.03614457831325302	p10_2	11	C11_p10_neuronal
TTTCGATAGCGTACAG-1	1767	1767	3371.0	0.06233988044406491	p10_2	1	C1_p10_neuronal
TTTGACTAGCAAATGT-1	946	945	1414.0	0.06980961015412511	p10_2	4	C4_p10_neuronal
TTTGATCTCATTTACC-1	2315	2315	4864.0	0.02732240437158471	p10_2	1	C1_p10_neuronal
TTTGGTTTCACTCTTA-1	435	435	581.0	0.005434782608695652	p10_2	3	C3_p10_neuronal
AAACCCAAGGAACATT-1	3618	3613	9293.0	0.1137855579868709	p10_1	6	C6_p10_neuronal
AAAGAACCAACAAGTA-1	593	592	840.0	0.068714632174616	p10_1	4	C4_p10_neuronal
AACAAGAGTGCTCTTC-1	717	716	962.0	0.0289210233592881	p10_1	5	C5_p10_neuronal
AACAGGGCACTGATTG-1	2991	2991	6896.0	0.029758562605277934	p10_1	10	C10_p10_neuronal
AACGAAAAGCTGGAGT-1	1884	1884	3205.0	0.068714632174616	p10_1	11	C11_p10_neuronal
AACTTCTTCAAAGACA-1	1443	1440	2361.0	0.13546798029556653	p10_1	0	C0_p10_neuronal
AAGCCATGTTCCGGTG-1	1626	1625	2925.0	0.07231920199501247	p10_1	4	C4_p10_neuronal
AAGGAATAGCACGTCC-1	560	559	778.0	0.04813559322033898	p10_1	2	C2_p10_neuronal
AAGGAATTCGTTCTGC-1	2502	2499	5140.0	0.0801762114537445	p10_1	11	C11_p10_neuronal
AAGGTAACACCAGCTG-1	2073	2073	3708.0	0.18691588785046717	p10_1	1	C1_p10_neuronal
AAGGTAATCTATCCAT-1	446	446	539.0	0.03419811320754717	p10_1	2	C2_p10_neuronal
AATGGAACACATCATG-1	2154	2153	4259.0	0.060514372163388806	p10_1	1	C1_p10_neuronal
AATTTCCTCATGAGAA-1	2707	2705	5276.0	0.05196629213483146	p10_1	1	C1_p10_neuronal
ACACCAACATAATGAG-1	1332	1330	2258.0	0.10183299389002037	p10_1	4	C4_p10_neuronal
ACATTTCAGACCATAA-1	1671	1670	3065.0	0.30136986301369867	p10_1	6	C6_p10_neuronal
ACATTTCCACCTCTAC-1	206	206	572.0	0.06206896551724137	p10_1	0	C0_p10_neuronal
ACCATTTCATATGGCT-1	576	576	801.0	0.05899925317401046	p10_1	0	C0_p10_neuronal
ACCTACCAGGACTTCT-1	629	629	822.0	0.02421052631578947	p10_1	2	C2_p10_neuronal
ACCTGAAAGTCCCAAT-1	430	430	567.0	0.05330490405117272	p10_1	0	C0_p10_neuronal
ACGCACGTCGAGAGAC-1	966	966	1535.0	0.09142857142857139	p10_1	4	C4_p10_neuronal
ACGGAAGGTGGTGATG-1	445	445	534.0	0.06366459627329192	p10_1	5	C5_p10_neuronal
ACGGTCGTCGCACTCT-1	563	563	752.0	0.03419811320754717	p10_1	5	C5_p10_neuronal
ACTATCTCAGTTGAAA-1	3389	3386	7848.0	0.04230769230769232	p10_1	1	C1_p10_neuronal
ACTCCCATCTCATGGA-1	2286	2284	4492.0	0.05196629213483146	p10_1	1	C1_p10_neuronal
ACTGATGGTGCTGATT-1	2140	2136	3696.0	0.07419898819561552	p10_1	4	C4_p10_neuronal
ACTGTGAGTCAGACTT-1	1551	1548	2594.0	0.0801762114537445	p10_1	4	C4_p10_neuronal
ACTTAGGAGTAAACGT-1	659	658	1009.0	0.09909909909909911	p10_1	0	C0_p10_neuronal
ACTTCCGTCCCTGTTG-1	510	509	620.0	0.04938271604938272	p10_1	2	C2_p10_neuronal
ACTTTCATCCGAGATT-1	2528	2526	5113.0	0.038083538083538086	p10_1	1	C1_p10_neuronal
AGAAGCGGTGGTAATA-1	550	550	682.0	0.02729257641921397	p10_1	2	C2_p10_neuronal
AGAAGCGGTGTCTTCC-1	568	568	824.0	0.09909909909909911	p10_1	0	C0_p10_neuronal
AGACAGGAGCTTCATG-1	713	712	1063.0	0.05467625899280576	p10_1	8	C8_p10_neuronal
AGACTCAGTCCAGAAG-1	569	569	757.0	0.05608157319737801	p10_1	3	C3_p10_neuronal
AGAGAGCAGTTGCGAG-1	1000	999	1489.0	0.09390125847047433	p10_1	4	C4_p10_neuronal
AGAGAGCGTGGAAGTC-1	2217	2215	4293.0	0.03327495621716287	p10_1	1	C1_p10_neuronal
AGAGCAGTCGCGCCAA-1	437	437	559.0	0.046916890080428944	p10_1	2	C2_p10_neuronal
AGATGCTCAACATCGT-1	1903	1900	3306.0	0.08671586715867159	p10_1	4	C4_p10_neuronal
AGCCACGTCCACAGCG-1	1785	1782	3146.0	0.05608157319737801	p10_1	11	C11_p10_neuronal
AGCGCTGTCGTCGATA-1	2163	2163	3973.0	0.030612244897959183	p10_1	1	C1_p10_neuronal
AGCGTATAGTCAACAA-1	614	614	835.0	0.05899925317401046	p10_1	2	C2_p10_neuronal
AGGAGGTAGAGTCAGC-1	547	547	695.0	0.02065491183879093	p10_1	7	C7_p10_neuronal
AGGCCACGTTCCAGGC-1	1763	1757	3356.0	0.07231920199501247	p10_1	4	C4_p10_neuronal
AGGGAGTGTAGGCTGA-1	1918	1916	3514.0	0.06698564593301434	p10_1	4	C4_p10_neuronal
AGGGCCTCACCGTACG-1	483	483	607.0	0.13546798029556653	p10_1	3	C3_p10_neuronal
AGGTCTAAGACGGTCA-1	1279	1279	2077.0	0.15818431911966988	p10_1	6	C6_p10_neuronal
AGTTCCCCATGATCTG-1	516	515	662.0	0.09142857142857139	p10_1	0	C0_p10_neuronal
ATAGAGATCATGGAGG-1	830	830	1188.0	0.02496016994158258	p10_1	2	C2_p10_neuronal
ATAGGCTTCTATCCAT-1	3399	3394	7921.0	0.05899925317401046	p10_1	8	C8_p10_neuronal
ATCACTTGTAGCTTAC-1	3312	3308	7966.0	0.13546798029556653	p10_1	6	C6_p10_neuronal
ATCACTTTCCGGGACT-1	396	396	509.0	0.09142857142857139	p10_1	7	C7_p10_neuronal
ATCAGGTAGCCAGTAG-1	1916	1915	3352.0	0.04342190537913157	p10_1	1	C1_p10_neuronal
ATCCACCTCCGGCTTT-1	1429	1429	2260.0	0.06698564593301434	p10_1	2	C2_p10_neuronal
ATCGATGCACGCCAGT-1	2903	2900	6195.0	0.17455621301775148	p10_1	6	C6_p10_neuronal
ATCGTAGGTCCCGCAA-1	815	815	1101.0	0.04813559322033898	p10_1	2	C2_p10_neuronal
ATCGTCCGTTGGTACT-1	465	464	626.0	0.025723472668810286	p10_1	2	C2_p10_neuronal
ATCGTGAGTTATCTTC-1	1399	1398	2748.0	0.09390125847047433	p10_1	4	C4_p10_neuronal
ATCTCTAGTAATTAGG-1	716	716	923.0	0.023474178403755867	p10_1	9	C9_p10_neuronal
ATGAAAGTCGATACAC-1	741	741	1034.0	0.078125	p10_1	5	C5_p10_neuronal
ATGGATCGTGTCACAT-1	2027	2027	4195.0	0.08671586715867159	p10_1	4	C4_p10_neuronal
ATGGGTTTCAATCTTC-1	592	592	857.0	0.05467625899280576	p10_1	2	C2_p10_neuronal
ATTCAGGCAGACCGCT-1	3235	3233	7182.0	0.06530291109362706	p10_1	10	C10_p10_neuronal
ATTGGGTAGACCAAGC-1	1362	1362	2194.0	0.09390125847047433	p10_1	9	C9_p10_neuronal
CAAGCTACATTCGATG-1	3752	3750	9450.0	0.05467625899280576	p10_1	1	C1_p10_neuronal
CAAGGGACACTTGTCC-1	667	667	919.0	0.27542372881355925	p10_1	3	C3_p10_neuronal
CAATCGACACATAGCT-1	444	444	561.0	0.026500811249323963	p10_1	2	C2_p10_neuronal
CACAACACACAGCTGC-1	903	903	1400.0	0.040150564617314935	p10_1	2	C2_p10_neuronal
CACAGGCTCGCCAATA-1	1276	1276	2172.0	0.24282982791587	p10_1	5	C5_p10_neuronal
CACATGAGTGCCCAGT-1	2218	2216	4454.0	0.023474178403755867	p10_1	1	C1_p10_neuronal
CACGTGGAGGACGCAT-1	657	657	916.0	0.05467625899280576	p10_1	7	C7_p10_neuronal
CACTGGGTCCTTCACG-1	1384	1379	2243.0	0.09645669291338585	p10_1	4	C4_p10_neuronal
CAGTTAGGTCTGTAAC-1	1407	1406	2360.0	0.04813559322033898	p10_1	5	C5_p10_neuronal
CATAAGCAGCGTTACT-1	904	903	1448.0	0.30136986301369867	p10_1	7	C7_p10_neuronal
CATCGTCCAATTGTGC-1	637	637	973.0	0.10466321243523316	p10_1	0	C0_p10_neuronal
CATGCAACAACCCTCT-1	1893	1890	3293.0	0.05752212389380531	p10_1	1	C1_p10_neuronal
CATGGATTCAGGAGAC-1	433	433	542.0	0.068714632174616	p10_1	5	C5_p10_neuronal
CCAATGAGTGGCTACC-1	2693	2692	5385.0	0.023474178403755867	p10_1	10	C10_p10_neuronal
CCCAACTCACTACACA-1	2108	2106	3782.0	0.05467625899280576	p10_1	9	C9_p10_neuronal
CCCGGAAGTATCTCTT-1	3409	3403	6680.0	0.14848883048620237	p10_1	6	C6_p10_neuronal
CCCTCAAAGCCGAATG-1	349	349	500.0	0.07049180327868854	p10_1	7	C7_p10_neuronal
CCCTCTCGTGCTAGCC-1	467	467	559.0	0.03910614525139665	p10_1	3	C3_p10_neuronal
CCCTTAGGTGACTAAA-1	4166	4162	11020.0	0.03708206686930092	p10_1	10	C10_p10_neuronal
CCGATGGGTGAGAACC-1	2104	2104	3876.0	0.068714632174616	p10_1	8	C8_p10_neuronal
CCGGTGAGTACAAAGT-1	713	712	1004.0	0.04456094364351246	p10_1	0	C0_p10_neuronal
CCTAACCGTACACGTT-1	3413	3410	8673.0	0.12045454545454544	p10_1	6	C6_p10_neuronal
CCTCATGAGTTACTCG-1	390	390	501.0	0.04456094364351246	p10_1	2	C2_p10_neuronal
CCTCATGTCTACGGGC-1	3121	3121	6742.0	0.038083538083538086	p10_1	10	C10_p10_neuronal
CCTCTCCAGTCTCGTA-1	3358	3355	7623.0	0.13148371531966227	p10_1	4	C4_p10_neuronal
CCTGCATTCCGCTTAC-1	716	715	1173.0	0.10759493670886075	p10_1	0	C0_p10_neuronal
CCTGCATTCGTTGTAG-1	530	530	773.0	0.09645669291338585	p10_1	0	C0_p10_neuronal
CCTGTTGTCAGCTGAT-1	421	421	523.0	0.12045454545454544	p10_1	3	C3_p10_neuronal
CGAAGGAGTGTCGATT-1	2279	2274	4478.0	0.11063372717508058	p10_1	6	C6_p10_neuronal
CGAAGTTTCACGAACT-1	3153	3150	6676.0	0.05752212389380531	p10_1	1	C1_p10_neuronal
CGAATTGAGTCACTAC-1	1869	1865	3269.0	0.1239860950173812	p10_1	4	C4_p10_neuronal
CGCATAAGTCCTACAA-1	997	996	1621.0	0.08903467666354263	p10_1	0	C0_p10_neuronal
CGGAATTTCTTTCAGT-1	2254	2253	4401.0	0.03513996426444312	p10_1	10	C10_p10_neuronal
CGGACACCAGGAGGTT-1	406	406	510.0	0.05608157319737801	p10_1	3	C3_p10_neuronal
CGGGTCACACAAGCCC-1	514	514	763.0	0.05330490405117272	p10_1	0	C0_p10_neuronal
CGGTCAGCACGCGTGT-1	2236	2235	4205.0	0.041217501585288516	p10_1	1	C1_p10_neuronal
CGGTCAGTCTGACGCG-1	513	513	615.0	0.041217501585288516	p10_1	2	C2_p10_neuronal
CGTCAAATCAAAGGTA-1	697	697	1008.0	0.022039979497693495	p10_1	9	C9_p10_neuronal
CGTGCTTCACTCCTGT-1	511	511	655.0	0.07231920199501247	p10_1	3	C3_p10_neuronal
CGTTCTGGTGGCTGCT-1	2715	2715	5680.0	0.04813559322033898	p10_1	1	C1_p10_neuronal
CGTTGGGAGAGTAACT-1	499	498	698.0	0.05065926439972242	p10_1	0	C0_p10_neuronal
CTACAGAGTCACTTAG-1	2465	2463	4549.0	0.05608157319737801	p10_1	1	C1_p10_neuronal
CTACATTAGTCTCGTA-1	508	507	657.0	0.031482541499713794	p10_1	3	C3_p10_neuronal
CTACCCATCCGTGTGG-1	1991	1991	3694.0	0.06530291109362706	p10_1	1	C1_p10_neuronal
CTAGACACAGAGCGTA-1	1095	1095	1694.0	0.27542372881355925	p10_1	7	C7_p10_neuronal
CTATCTATCCTTCGAC-1	3003	2998	6314.0	0.03610108303249097	p10_1	1	C1_p10_neuronal
CTCAATTAGAAGCGGG-1	518	518	756.0	0.15322580645161288	p10_1	4	C4_p10_neuronal
CTCAGAAAGGTTTACC-1	978	978	1503.0	0.08228980322003578	p10_1	9	C9_p10_neuronal
CTCAGTCTCAACGTGT-1	595	595	811.0	0.09142857142857139	p10_1	2	C2_p10_neuronal
CTCATTACACCCATAA-1	3672	3669	9426.0	0.14395886889460158	p10_1	6	C6_p10_neuronal
CTCCACAAGGTGCCAA-1	1988	1986	3906.0	0.27542372881355925	p10_1	7	C7_p10_neuronal
CTGCCATCACTCAAGT-1	568	568	809.0	0.2638036809815949	p10_1	5	C5_p10_neuronal
CTGCCTAAGCTTCGTA-1	768	768	1233.0	0.07231920199501247	p10_1	4	C4_p10_neuronal
CTGCCTAAGTTAGTAG-1	3213	3211	6928.0	0.07231920199501247	p10_1	1	C1_p10_neuronal
CTGCGAGTCGGTCACG-1	469	468	606.0	0.03419811320754717	p10_1	5	C5_p10_neuronal
CTGTACCCACTCAAGT-1	1994	1991	3897.0	0.10466321243523316	p10_1	6	C6_p10_neuronal
CTTCGGTAGAGAGTTT-1	1989	1989	3825.0	0.315914489311164	p10_1	3	C3_p10_neuronal
GAAACCTAGGCTGGAT-1	539	537	784.0	0.04230769230769232	p10_1	0	C0_p10_neuronal
GAACGTTGTACGATGG-1	3101	3099	6627.0	0.05899925317401046	p10_1	1	C1_p10_neuronal
GAAGCCCTCAAGCCGC-1	605	604	849.0	0.040150564617314935	p10_1	2	C2_p10_neuronal
GAAGTAAAGTCGTTAC-1	1241	1240	1901.0	0.10759493670886075	p10_1	0	C0_p10_neuronal
GAATAGATCTCAACGA-1	764	764	1167.0	0.04813559322033898	p10_1	5	C5_p10_neuronal
GACATCACACATATCG-1	3447	3444	8213.0	0.06698564593301434	p10_1	1	C1_p10_neuronal
GACCAATCAGGTCAAG-1	1898	1896	3659.0	0.14395886889460158	p10_1	6	C6_p10_neuronal
GACGCTGCATCGAAGG-1	2310	2309	4283.0	0.14848883048620237	p10_1	6	C6_p10_neuronal
GACTATGAGAACGTGC-1	3276	3273	7056.0	0.14848883048620237	p10_1	6	C6_p10_neuronal
GAGACCCAGTAAGACT-1	412	412	501.0	0.02496016994158258	p10_1	3	C3_p10_neuronal
GAGGCAATCCGAAATC-1	1094	1093	1680.0	0.023474178403755867	p10_1	1	C1_p10_neuronal
GATAGCTCATCCCACT-1	1946	1946	3769.0	0.08446866485013622	p10_1	4	C4_p10_neuronal
GATCGTACACAAGCCC-1	2881	2879	6408.0	0.21602787456445996	p10_1	8	C8_p10_neuronal
GATGGAGGTACAGAGC-1	1045	1042	1628.0	0.068714632174616	p10_1	4	C4_p10_neuronal
GATTCGAGTTGGATCT-1	869	868	1365.0	0.18691588785046717	p10_1	7	C7_p10_neuronal
GATTGGTAGTTGCTCA-1	2013	2013	3969.0	0.27542372881355925	p10_1	7	C7_p10_neuronal
GCAACATCAGTACTAC-1	987	986	1733.0	0.09390125847047433	p10_1	0	C0_p10_neuronal
GCACATAGTCATAGTC-1	2904	2899	5995.0	0.05330490405117272	p10_1	10	C10_p10_neuronal
GCACGGTCAGACCCGT-1	3261	3261	6890.0	0.2879120879120878	p10_1	1	C1_p10_neuronal
GCACGTGAGGCGATAC-1	1027	1025	1656.0	0.10759493670886075	p10_1	4	C4_p10_neuronal
GCATCGGGTTGCAAGG-1	1869	1867	3266.0	0.04230769230769232	p10_1	1	C1_p10_neuronal
GCATGATGTAACGATA-1	1861	1859	3312.0	0.07419898819561552	p10_1	11	C11_p10_neuronal
GCCCAGAAGAATAACC-1	3546	3544	8699.0	0.03610108303249097	p10_1	10	C10_p10_neuronal
GCTACCTAGAATCTAG-1	624	623	990.0	0.11063372717508058	p10_1	0	C0_p10_neuronal
GGAACCCAGCGTGCCT-1	488	488	633.0	0.07613344739093243	p10_1	5	C5_p10_neuronal
GGAAGTGGTATAGGAT-1	2945	2942	5951.0	0.04230769230769232	p10_1	10	C10_p10_neuronal
GGAATCTTCATGCTAG-1	1190	1190	1898.0	0.0801762114537445	p10_1	4	C4_p10_neuronal
GGAGAACCAGATACCT-1	547	546	723.0	0.01998001998001998	p10_1	9	C9_p10_neuronal
GGAGAACGTAGCGTTT-1	2626	2623	5017.0	0.041217501585288516	p10_1	10	C10_p10_neuronal
GGAGGTATCGTGCATA-1	3014	3012	6661.0	0.07419898819561552	p10_1	1	C1_p10_neuronal
GGGACAATCTCTAAGG-1	2901	2898	6528.0	0.08903467666354263	p10_1	4	C4_p10_neuronal
GGTAACTCACGTACTA-1	1800	1800	3172.0	0.02729257641921397	p10_1	2	C2_p10_neuronal
GGTAATCGTGCTAGCC-1	761	761	1113.0	0.0801762114537445	p10_1	7	C7_p10_neuronal
GGTAATCGTGGCGTAA-1	537	537	683.0	0.20065789473684215	p10_1	7	C7_p10_neuronal
GGTAATCTCATGGTAC-1	744	744	1160.0	0.08446866485013622	p10_1	0	C0_p10_neuronal
GGTCACGTCTCCTGAC-1	975	975	1474.0	0.068714632174616	p10_1	5	C5_p10_neuronal
GGTGTCGCACACACTA-1	496	496	589.0	0.15818431911966988	p10_1	3	C3_p10_neuronal
GGTTAACCAATGACCT-1	2533	2533	4862.0	0.05196629213483146	p10_1	1	C1_p10_neuronal
GGTTAACTCAGCGCAC-1	1001	999	1588.0	0.09645669291338585	p10_1	0	C0_p10_neuronal
GGTTCTCGTGCTAGCC-1	1481	1480	2539.0	0.068714632174616	p10_1	1	C1_p10_neuronal
GGTTCTCGTGGCGTAA-1	939	939	1362.0	0.030612244897959183	p10_1	2	C2_p10_neuronal
GGTTGTAGTCTGTGTA-1	787	786	1268.0	0.08903467666354263	p10_1	4	C4_p10_neuronal
GTACAACAGGGTCTTT-1	1207	1206	2012.0	0.02496016994158258	p10_1	9	C9_p10_neuronal
GTATTTCAGACATACA-1	1659	1654	2983.0	0.08446866485013622	p10_1	4	C4_p10_neuronal
GTCAAACTCTGAATCG-1	480	479	657.0	0.02496016994158258	p10_1	9	C9_p10_neuronal
GTCATCCGTTAAACCC-1	626	626	805.0	0.04938271604938272	p10_1	5	C5_p10_neuronal
GTCATGAGTAATTGGA-1	764	763	1163.0	0.09142857142857139	p10_1	0	C0_p10_neuronal
GTCCCATGTCGTTATG-1	408	407	589.0	0.08903467666354263	p10_1	4	C4_p10_neuronal
GTCTCACAGGGTACAC-1	839	838	1229.0	0.0801762114537445	p10_1	0	C0_p10_neuronal
GTGAGTTGTTACCTTT-1	2195	2193	4752.0	0.04456094364351246	p10_1	8	C8_p10_neuronal
GTGCGTGTCCGCACGA-1	552	551	685.0	0.038083538083538086	p10_1	2	C2_p10_neuronal
GTGGAAGGTTGACTGT-1	519	519	697.0	0.07231920199501247	p10_1	3	C3_p10_neuronal
GTGGTTAAGAGTGACC-1	1438	1436	2512.0	0.1137855579868709	p10_1	6	C6_p10_neuronal
GTGTCCTGTCTTGAGT-1	4041	4038	12313.0	0.1239860950173812	p10_1	8	C8_p10_neuronal
GTGTCCTTCGAGCTGC-1	2881	2877	6377.0	0.05467625899280576	p10_1	1	C1_p10_neuronal
GTGTTAGTCCATTGGA-1	576	575	765.0	0.026500811249323963	p10_1	5	C5_p10_neuronal
GTTACCCCAAGAGTGC-1	901	898	1381.0	0.04230769230769232	p10_1	0	C0_p10_neuronal
GTTAGACAGCTGGCTC-1	2960	2940	5162.0	0.30136986301369867	p10_1	0	C0_p10_neuronal
GTTCATTTCACCTGTC-1	1876	1875	3706.0	0.21602787456445996	p10_1	7	C7_p10_neuronal
GTTCCGTTCTAACGCA-1	1760	1756	3962.0	0.07419898819561552	p10_1	4	C4_p10_neuronal
GTTCGCTCACGATAGG-1	461	460	551.0	0.0323699421965318	p10_1	3	C3_p10_neuronal
GTTGTGACACAGTATC-1	456	456	561.0	0.018664047151277015	p10_1	2	C2_p10_neuronal
GTTTGGATCGAGAAAT-1	717	717	1072.0	0.10183299389002037	p10_1	2	C2_p10_neuronal
TAACCAGGTGCAACAG-1	771	771	1064.0	0.1137855579868709	p10_1	3	C3_p10_neuronal
TACAGGTGTGAATATG-1	456	456	617.0	0.025723472668810286	p10_1	5	C5_p10_neuronal
TACAGGTTCATGCCAA-1	1182	1182	1746.0	0.031482541499713794	p10_1	1	C1_p10_neuronal
TACCCGTTCCGCAACG-1	1595	1595	2800.0	0.03513996426444312	p10_1	1	C1_p10_neuronal
TACCCGTTCGGTAGAG-1	2930	2927	6011.0	0.05196629213483146	p10_1	1	C1_p10_neuronal
TACCGAACAGCGTACC-1	1736	1736	3548.0	0.07049180327868854	p10_1	7	C7_p10_neuronal
TACCGAAGTGCTTCAA-1	605	603	896.0	0.10466321243523316	p10_1	0	C0_p10_neuronal
TACCTCGGTGCCGTAC-1	529	529	660.0	0.023474178403755867	p10_1	2	C2_p10_neuronal
TACCTGCAGGTGATCG-1	955	953	1490.0	0.07613344739093243	p10_1	4	C4_p10_neuronal
TACGGTACATGACGTT-1	599	599	799.0	0.060514372163388806	p10_1	7	C7_p10_neuronal
TAGACCATCATTCATC-1	1432	1432	2457.0	0.08671586715867159	p10_1	9	C9_p10_neuronal
TAGGGTTCAGTATTCG-1	1522	1520	2641.0	0.08228980322003578	p10_1	6	C6_p10_neuronal
TATACCTCAATGGGTG-1	590	589	782.0	0.02496016994158258	p10_1	2	C2_p10_neuronal
TATCGCCGTACGTAGG-1	659	658	1036.0	0.09390125847047433	p10_1	4	C4_p10_neuronal
TCACGGGCATGCAGCC-1	1683	1683	3490.0	0.11063372717508058	p10_1	7	C7_p10_neuronal
TCAGTCCTCAACCTCC-1	922	921	1986.0	0.08228980322003578	p10_1	4	C4_p10_neuronal
TCAGTTTCAACAAGTA-1	640	640	900.0	0.031482541499713794	p10_1	0	C0_p10_neuronal
TCATACTTCCTCTTTC-1	1030	1030	1570.0	0.04813559322033898	p10_1	9	C9_p10_neuronal
TCATCATCAAATTGCC-1	2338	2335	4983.0	0.0801762114537445	p10_1	4	C4_p10_neuronal
TCATGCCTCTTAGTTC-1	4226	4222	10929.0	0.05752212389380531	p10_1	1	C1_p10_neuronal
TCATGGAAGGGTCACA-1	1477	1477	2529.0	0.09645669291338585	p10_1	4	C4_p10_neuronal
TCCACCAAGAAGCTCG-1	1045	1043	1673.0	0.09390125847047433	p10_1	4	C4_p10_neuronal
TCCCAGTAGGTTGGTG-1	1631	1630	2893.0	0.20065789473684215	p10_1	4	C4_p10_neuronal
TCCCATGCACAAAGCG-1	459	459	584.0	0.10466321243523316	p10_1	3	C3_p10_neuronal
TCCGGGACAGGGATAC-1	1655	1655	2636.0	0.09645669291338585	p10_1	9	C9_p10_neuronal
TCCTCTTGTACTGCGC-1	2490	2487	5138.0	0.09142857142857139	p10_1	8	C8_p10_neuronal
TCGAACAAGGCAGGTT-1	1315	1312	2611.0	0.09909909909909911	p10_1	7	C7_p10_neuronal
TCGAACATCCACGAAT-1	1879	1877	3346.0	0.07049180327868854	p10_1	1	C1_p10_neuronal
TCGCAGGAGAGCCGAT-1	2323	2321	4354.0	0.05608157319737801	p10_1	1	C1_p10_neuronal
TCGCAGGCAGATACCT-1	439	439	530.0	0.05196629213483146	p10_1	7	C7_p10_neuronal
TCGCTCAGTCTTGCGG-1	1116	1116	1709.0	0.03513996426444312	p10_1	5	C5_p10_neuronal
TCGGATATCTTTGCTA-1	2142	2139	4244.0	0.13546798029556653	p10_1	6	C6_p10_neuronal
TCTAACTGTTGGATCT-1	1530	1529	2653.0	0.07231920199501247	p10_1	8	C8_p10_neuronal
TCTATACAGTCCCAAT-1	413	413	529.0	0.2638036809815949	p10_1	3	C3_p10_neuronal
TCTCACGAGTATGATG-1	3218	3217	7482.0	0.06206896551724137	p10_1	1	C1_p10_neuronal
TCTCACGCATGGAGAC-1	671	671	1020.0	0.05467625899280576	p10_1	4	C4_p10_neuronal
TCTGGCTTCCGCGGAT-1	3270	3267	7409.0	0.04342190537913157	p10_1	10	C10_p10_neuronal
TGAATGCCAGACCATT-1	2589	2588	5742.0	0.13148371531966227	p10_1	8	C8_p10_neuronal
TGACCCTCATGTCAGT-1	814	814	1185.0	0.05330490405117272	p10_1	2	C2_p10_neuronal
TGACGCGCAGTGACCC-1	1128	1128	2035.0	0.08671586715867159	p10_1	7	C7_p10_neuronal
TGAGGTTCACCACTGG-1	2228	2228	4090.0	0.13962264150943396	p10_1	6	C6_p10_neuronal
TGAGTCAGTTTCGCTC-1	616	616	928.0	0.09645669291338585	p10_1	4	C4_p10_neuronal
TGCACGGAGCTAAGTA-1	1777	1776	3205.0	0.03708206686930092	p10_1	1	C1_p10_neuronal
TGCACGGTCACTGCTC-1	3379	3377	7713.0	0.05065926439972242	p10_1	1	C1_p10_neuronal
TGCGGGTGTGTCCAAT-1	784	784	1148.0	0.018664047151277015	p10_1	0	C0_p10_neuronal
TGCTCGTCAGCAAGAC-1	599	599	856.0	0.05467625899280576	p10_1	2	C2_p10_neuronal
TGGATCATCCTATTGT-1	2450	2447	4920.0	0.038083538083538086	p10_1	8	C8_p10_neuronal
TGGGATTCAAGAGATT-1	1186	1185	2200.0	0.11063372717508058	p10_1	0	C0_p10_neuronal
TGGGCGTTCCGTCACT-1	3938	3935	9604.0	0.18057663125948403	p10_1	6	C6_p10_neuronal
TGGTACACACGACCTG-1	858	856	1385.0	0.1239860950173812	p10_1	0	C0_p10_neuronal
TGTAACGGTTCAATCG-1	600	600	788.0	0.2529644268774703	p10_1	3	C3_p10_neuronal
TGTAAGCCAATAGTGA-1	3625	3623	9010.0	0.14848883048620237	p10_1	6	C6_p10_neuronal
TGTAGACCAGAGATGC-1	685	685	894.0	0.040150564617314935	p10_1	9	C9_p10_neuronal
TGTCCACCACGCAGTC-1	1461	1459	2680.0	0.08228980322003578	p10_1	4	C4_p10_neuronal
TGTCCCAAGCTCGAAG-1	1337	1336	2097.0	0.05752212389380531	p10_1	1	C1_p10_neuronal
TGTCCCAGTTAGAAAC-1	529	528	677.0	0.03610108303249097	p10_1	5	C5_p10_neuronal
TGTCCTGAGGAGGGTG-1	3018	3015	6983.0	0.04813559322033898	p10_1	1	C1_p10_neuronal
TGTGATGAGGTACAGC-1	1969	1968	3596.0	0.2879120879120878	p10_1	8	C8_p10_neuronal
TGTTGGACAAATTGGA-1	2027	2026	4248.0	0.22441651705565527	p10_1	3	C3_p10_neuronal
TGTTTGTGTAAGTTAG-1	782	781	1110.0	0.09390125847047433	p10_1	4	C4_p10_neuronal
TTACAGGTCCGATGCG-1	1111	1110	1803.0	0.21602787456445996	p10_1	3	C3_p10_neuronal
TTACCGCGTATACAGA-1	554	553	1900.0	0.07049180327868854	p10_1	5	C5_p10_neuronal
TTATTGCCATCCCACT-1	1219	1218	1929.0	0.02065491183879093	p10_1	1	C1_p10_neuronal
TTCACCGGTTCCTACC-1	3197	3195	7688.0	0.040150564617314935	p10_1	11	C11_p10_neuronal
TTCACCGTCAGTGGGA-1	594	594	871.0	0.018664047151277015	p10_1	2	C2_p10_neuronal
TTGACCCAGGTTGCCC-1	3020	3016	6777.0	0.05608157319737801	p10_1	1	C1_p10_neuronal
TTGATGGTCACTCTTA-1	2637	2635	5605.0	0.03419811320754717	p10_1	1	C1_p10_neuronal
TTGCCTGCAAGGCTTT-1	561	561	757.0	0.11705685618729093	p10_1	2	C2_p10_neuronal
TTGCTGCAGTAACGTA-1	449	448	533.0	0.018022406234778375	p10_1	3	C3_p10_neuronal
TTGGGCGGTGGGCTTC-1	1771	1770	3374.0	0.038083538083538086	p10_1	1	C1_p10_neuronal
TTGGTTTCAATCTCGA-1	677	677	915.0	0.038083538083538086	p10_1	2	C2_p10_neuronal
TTGTGGATCGACGCTG-1	1640	1636	2597.0	0.025723472668810286	p10_1	1	C1_p10_neuronal
TTGTGTTGTCCACACG-1	412	411	558.0	0.040150564617314935	p10_1	0	C0_p10_neuronal
TTTACCAGTGTCCTAA-1	477	477	579.0	0.08228980322003578	p10_1	3	C3_p10_neuronal
TTTCAGTCAACGATTC-1	2509	2508	5068.0	0.15322580645161288	p10_1	9	C9_p10_neuronal
TTTCCTCTCCGATCGG-1	458	458	566.0	0.029758562605277934	p10_1	2	C2_p10_neuronal
